{"cameraMode":{"drawMode":0,"name":"Shaded","section":"Shading Mode"},"sceneLighting":true,"audioPlay":false,"sceneViewState":{"m_AlwaysRefresh":false,"showFog":true,"showSkybox":true,"showFlares":true,"showImageEffects":true,"showParticleSystems":true,"showVisualEffectGraphs":true,"m_FxEnabled":true},"in2DMode":false,"pivot":{"x":31.130048751831056,"y":38.09817123413086,"z":-35.63942337036133},"rotation":{"x":-0.002548407530412078,"y":0.9640668034553528,"z":-0.26557978987693789,"w":-0.009224369190633297},"size":7.574806213378906,"orthographic":false}